{"inputUnits":[66],"outputUnits":8,"inputs":{"0":{"dtype":"number","min":1,"max":638},"1":{"dtype":"number","min":0,"max":475},"2":{"dtype":"number","min":3,"max":632},"3":{"dtype":"number","min":1,"max":477},"4":{"dtype":"number","min":6,"max":639},"5":{"dtype":"number","min":0,"max":477},"6":{"dtype":"number","min":7,"max":637},"7":{"dtype":"number","min":1,"max":478},"8":{"dtype":"number","min":1,"max":639},"9":{"dtype":"number","min":3,"max":478},"10":{"dtype":"number","min":0,"max":638},"11":{"dtype":"number","min":0,"max":478},"12":{"dtype":"number","min":0,"max":639},"13":{"dtype":"number","min":0,"max":478},"14":{"dtype":"number","min":2,"max":638},"15":{"dtype":"number","min":1,"max":478},"16":{"dtype":"number","min":0,"max":639},"17":{"dtype":"number","min":1,"max":479},"18":{"dtype":"number","min":0,"max":639},"19":{"dtype":"number","min":0,"max":478},"20":{"dtype":"number","min":0,"max":637},"21":{"dtype":"number","min":0,"max":479},"22":{"dtype":"number","min":1,"max":639},"23":{"dtype":"number","min":6,"max":477},"24":{"dtype":"number","min":1,"max":636},"25":{"dtype":"number","min":1,"max":479},"26":{"dtype":"number","min":0,"max":634},"27":{"dtype":"number","min":3,"max":477},"28":{"dtype":"number","min":0,"max":639},"29":{"dtype":"number","min":0,"max":478},"30":{"dtype":"number","min":133.24428922716405,"max":614.4767371581079},"31":{"dtype":"number","min":289.2908303779468,"max":501.4266164679276},"32":{"dtype":"number","min":119.36804081729048,"max":614.4767371581079},"33":{"dtype":"number","min":289.2908303779468,"max":501.4266164679276},"34":{"dtype":"number","min":119.36804081729048,"max":614.4767371581079},"35":{"dtype":"number","min":289.2908303779468,"max":501.4266164679276},"36":{"dtype":"number","min":59.41360800819322,"max":621.7828092519303},"37":{"dtype":"number","min":280.5476950483712,"max":538.303098436917},"38":{"dtype":"number","min":59.41360800819322,"max":621.7828092519303},"39":{"dtype":"number","min":280.5476950483712,"max":538.303098436917},"40":{"dtype":"number","min":59.41360800819322,"max":621.7828092519303},"41":{"dtype":"number","min":280.5476950483712,"max":538.303098436917},"42":{"dtype":"number","min":140.22883993375603,"max":645.8641477588557},"43":{"dtype":"number","min":267.1243446751645,"max":556.7307285955775},"44":{"dtype":"number","min":129.93216650295443,"max":645.8641477588557},"45":{"dtype":"number","min":267.1243446751645,"max":556.7307285955775},"46":{"dtype":"number","min":129.93216650295443,"max":645.8641477588557},"47":{"dtype":"number","min":267.1243446751645,"max":556.7307285955775},"48":{"dtype":"number","min":9.83392726608187,"max":640.1289810864781},"49":{"dtype":"number","min":284.1424786603009,"max":562.8887537906044},"50":{"dtype":"number","min":9.83392726608187,"max":640.1289810864781},"51":{"dtype":"number","min":284.1424786603009,"max":562.8887537906044},"52":{"dtype":"number","min":9.83392726608187,"max":640.1289810864781},"53":{"dtype":"number","min":284.1424786603009,"max":562.8887537906044},"54":{"dtype":"number","min":114.92975275883664,"max":615.7108903256541},"55":{"dtype":"number","min":135.19582172118663,"max":558.145684954251},"56":{"dtype":"number","min":95.04236232467562,"max":615.7108903256541},"57":{"dtype":"number","min":135.19582172118663,"max":558.145684954251},"58":{"dtype":"number","min":95.04236232467562,"max":615.7108903256541},"59":{"dtype":"number","min":135.19582172118663,"max":558.145684954251},"60":{"dtype":"number","min":40.35759574488589,"max":640.2735485946922},"61":{"dtype":"number","min":117.37395585861353,"max":560.3937819036591},"62":{"dtype":"number","min":40.35759574488589,"max":640.2735485946922},"63":{"dtype":"number","min":117.37395585861353,"max":560.3937819036591},"64":{"dtype":"number","min":40.35759574488589,"max":640.2735485946922},"65":{"dtype":"number","min":117.37395585861353,"max":560.3937819036591}},"outputs":{"0":{"dtype":"string","min":0,"max":1,"uniqueValues":["p","c","q","w","l","u","i","o"],"legend":{"p":[1,0,0,0,0,0,0,0],"c":[0,1,0,0,0,0,0,0],"q":[0,0,1,0,0,0,0,0],"w":[0,0,0,1,0,0,0,0],"l":[0,0,0,0,1,0,0,0],"u":[0,0,0,0,0,1,0,0],"i":[0,0,0,0,0,0,1,0],"o":[0,0,0,0,0,0,0,1]}}},"isNormalized":true}